date,NO,NO2,NOXasNO2,site,code
2018-01-01,0.83099,11.8859,13.16008,Borehamwood Meadow Park,BDMP
2018-01-02,4.54542,25.94125,32.9108,Borehamwood Meadow Park,BDMP
2018-01-03,0.45567,6.42378,7.12245,Borehamwood Meadow Park,BDMP
2018-01-04,1.71805,17.9363,20.57061,Borehamwood Meadow Park,BDMP
2018-01-05,9.42881,30.02306,44.48037,Borehamwood Meadow Park,BDMP
2018-01-06,18.33847,23.24237,51.36097,Borehamwood Meadow Park,BDMP
2018-01-07,0.47752,6.99822,7.7304,Borehamwood Meadow Park,BDMP
2018-01-08,3.69344,21.23737,26.90057,Borehamwood Meadow Park,BDMP
2018-01-09,25.4882,38.65966,77.74102,Borehamwood Meadow Park,BDMP
2018-01-10,30.59452,34.45712,81.36806,Borehamwood Meadow Park,BDMP
2018-01-11,15.54904,32.42622,56.26774,Borehamwood Meadow Park,BDMP
2018-01-12,16.62036,36.98916,62.47335,Borehamwood Meadow Park,BDMP
2018-01-13,3.67628,26.08415,31.72104,Borehamwood Meadow Park,BDMP
2018-01-14,2.57354,29.46085,33.40689,Borehamwood Meadow Park,BDMP
2018-01-15,1.42716,17.87401,20.0623,Borehamwood Meadow Park,BDMP
2018-01-16,0.94087,12.27107,13.71372,Borehamwood Meadow Park,BDMP
2018-01-17,1.00422,12.1974,13.73719,Borehamwood Meadow Park,BDMP
2018-01-18,1.09669,13.68135,15.36291,Borehamwood Meadow Park,BDMP
2018-01-19,4.28257,24.76087,31.3274,Borehamwood Meadow Park,BDMP
2018-01-20,2.39849,28.60454,32.28217,Borehamwood Meadow Park,BDMP
2018-01-21,5.55916,39.02844,47.55236,Borehamwood Meadow Park,BDMP
2018-01-22,8.5921,28.33324,41.50761,Borehamwood Meadow Park,BDMP
2018-01-23,1.91722,21.6793,24.619,Borehamwood Meadow Park,BDMP
2018-01-24,1.17998,20.31175,22.12104,Borehamwood Meadow Park,BDMP
2018-01-25,4.77725,35.26227,42.58729,Borehamwood Meadow Park,BDMP
2018-01-26,7.74413,32.73694,44.61111,Borehamwood Meadow Park,BDMP
2018-01-27,7.55177,31.19264,42.77186,Borehamwood Meadow Park,BDMP
2018-01-28,0.42764,5.78746,6.44317,Borehamwood Meadow Park,BDMP
2018-01-29,1.13749,16.97653,18.72066,Borehamwood Meadow Park,BDMP
2018-01-30,30.97921,44.10753,91.60833,Borehamwood Meadow Park,BDMP
2018-01-31,0.9056,12.04139,13.42996,Borehamwood Meadow Park,BDMP
2018-02-01,1.0059,12.86899,14.41136,Borehamwood Meadow Park,BDMP
2018-02-02,12.60975,23.45403,42.78871,Borehamwood Meadow Park,BDMP
2018-02-03,3.7935,35.55644,41.37306,Borehamwood Meadow Park,BDMP
2018-02-04,0.45609,7.5581,8.25742,Borehamwood Meadow Park,BDMP
2018-02-05,1.28273,16.11927,18.08609,Borehamwood Meadow Park,BDMP
2018-02-06,2.27404,27.2998,30.78661,Borehamwood Meadow Park,BDMP
2018-02-07,21.23764,34.36257,66.92649,Borehamwood Meadow Park,BDMP
2018-02-08,34.21828,49.64499,102.11228,Borehamwood Meadow Park,BDMP
2018-02-09,0.8406,15.02535,16.31426,Borehamwood Meadow Park,BDMP
2018-02-10,5.1592,28.20997,36.12064,Borehamwood Meadow Park,BDMP
2018-02-11,0.71106,6.14403,7.23431,Borehamwood Meadow Park,BDMP
2018-02-12,3.31053,26.1467,31.22278,Borehamwood Meadow Park,BDMP
2018-02-13,1.70436,24.578,27.19132,Borehamwood Meadow Park,BDMP
2018-02-14,9.82958,31.90165,46.97346,Borehamwood Meadow Park,BDMP
2018-02-15,1.37995,16.49014,18.60603,Borehamwood Meadow Park,BDMP
2018-02-16,16.38009,42.75814,67.87393,Borehamwood Meadow Park,BDMP
2018-02-17,18.71951,52.21719,80.92004,Borehamwood Meadow Park,BDMP
2018-02-18,4.6468,35.218,42.34299,Borehamwood Meadow Park,BDMP
2018-02-19,3.68051,26.85461,32.49798,Borehamwood Meadow Park,BDMP
2018-02-20,0.68095,13.29475,14.33886,Borehamwood Meadow Park,BDMP
2018-02-21,1.55107,20.5539,22.93217,Borehamwood Meadow Park,BDMP
2018-02-22,2.94046,28.30708,32.81573,Borehamwood Meadow Park,BDMP
2018-02-23,3.03802,24.82129,29.47953,Borehamwood Meadow Park,BDMP
2018-02-24,1.84426,20.54646,23.37429,Borehamwood Meadow Park,BDMP
2018-02-25,1.05547,13.12294,14.7413,Borehamwood Meadow Park,BDMP
2018-02-26,1.32417,13.74098,15.77134,Borehamwood Meadow Park,BDMP
2018-02-27,3.30144,27.49304,32.55518,Borehamwood Meadow Park,BDMP
2018-02-28,5.16522,23.09404,31.01394,Borehamwood Meadow Park,BDMP
2018-03-01,1.99248,19.04559,22.10068,Borehamwood Meadow Park,BDMP
2018-03-02,2.92858,26.87944,31.36986,Borehamwood Meadow Park,BDMP
2018-03-03,2.71959,32.19228,36.36226,Borehamwood Meadow Park,BDMP
2018-03-04,2.70944,36.83696,40.99138,Borehamwood Meadow Park,BDMP
2018-03-05,3.44419,34.07257,39.35359,Borehamwood Meadow Park,BDMP
2018-03-06,14.79244,43.43251,66.11393,Borehamwood Meadow Park,BDMP
2018-03-07,14.51943,38.6797,60.94252,Borehamwood Meadow Park,BDMP
2018-03-08,1.24003,17.27307,19.17442,Borehamwood Meadow Park,BDMP
2018-03-09,18.58067,51.2413,79.73127,Borehamwood Meadow Park,BDMP
2018-03-10,2.80112,29.71844,34.01344,Borehamwood Meadow Park,BDMP
2018-03-11,4.88082,35.52875,43.01257,Borehamwood Meadow Park,BDMP
2018-03-12,2.95698,28.9364,33.47037,Borehamwood Meadow Park,BDMP
2018-03-13,9.22209,33.70591,47.84625,Borehamwood Meadow Park,BDMP
2018-03-14,2.96648,29.28179,33.83032,Borehamwood Meadow Park,BDMP
2018-03-15,3.67893,40.93324,46.57419,Borehamwood Meadow Park,BDMP
2018-03-16,2.33583,27.28652,30.86807,Borehamwood Meadow Park,BDMP
2018-03-17,0.34936,10.46619,11.00187,Borehamwood Meadow Park,BDMP
2018-03-18,0.4925,10.52836,11.28351,Borehamwood Meadow Park,BDMP
2018-03-19,0.8235,10.26347,11.52615,Borehamwood Meadow Park,BDMP
2018-03-20,0.4407,11.41513,12.09087,Borehamwood Meadow Park,BDMP
2018-03-21,7.14074,27.77531,38.72429,Borehamwood Meadow Park,BDMP
2018-03-22,0.98264,14.44837,15.95506,Borehamwood Meadow Park,BDMP
2018-03-23,1.34613,17.08002,19.14406,Borehamwood Meadow Park,BDMP
2018-03-24,2.15361,30.42055,33.72271,Borehamwood Meadow Park,BDMP
2018-03-25,5.32142,26.8444,35.0038,Borehamwood Meadow Park,BDMP
2018-03-26,5.28987,34.10989,42.22091,Borehamwood Meadow Park,BDMP
2018-03-27,2.70732,24.25656,28.40773,Borehamwood Meadow Park,BDMP
2018-03-28,,,,Borehamwood Meadow Park,BDMP
2018-03-29,,,,Borehamwood Meadow Park,BDMP
2018-03-30,1.54495,22.07098,24.43988,Borehamwood Meadow Park,BDMP
2018-03-31,1.17524,11.17021,12.97222,Borehamwood Meadow Park,BDMP
2018-04-01,0.64787,12.82881,13.8222,Borehamwood Meadow Park,BDMP
2018-04-02,1.34696,16.10972,18.17504,Borehamwood Meadow Park,BDMP
2018-04-03,1.1388,14.08562,15.83176,Borehamwood Meadow Park,BDMP
2018-04-04,0.97231,12.07753,13.56838,Borehamwood Meadow Park,BDMP
2018-04-05,1.16469,12.12011,13.90594,Borehamwood Meadow Park,BDMP
2018-04-06,3.86123,32.36064,38.28112,Borehamwood Meadow Park,BDMP
2018-04-07,3.5824,32.65386,38.14679,Borehamwood Meadow Park,BDMP
2018-04-08,1.63998,23.22221,25.73682,Borehamwood Meadow Park,BDMP
2018-04-09,1.71397,23.65572,26.28378,Borehamwood Meadow Park,BDMP
2018-04-10,1.8013,18.68782,21.44977,Borehamwood Meadow Park,BDMP
2018-04-11,0.75576,13.55288,14.7117,Borehamwood Meadow Park,BDMP
2018-04-12,1.66059,14.35995,16.90615,Borehamwood Meadow Park,BDMP
2018-04-13,2.76645,27.13175,31.37358,Borehamwood Meadow Park,BDMP
2018-04-14,3.4916,30.73092,36.08462,Borehamwood Meadow Park,BDMP
2018-04-15,1.66429,20.86998,23.42187,Borehamwood Meadow Park,BDMP
2018-04-16,1.37867,18.82683,20.94076,Borehamwood Meadow Park,BDMP
2018-04-17,1.37348,16.20204,18.30801,Borehamwood Meadow Park,BDMP
2018-04-18,2.4685,26.62529,30.41026,Borehamwood Meadow Park,BDMP
2018-04-19,5.06512,40.55355,48.31997,Borehamwood Meadow Park,BDMP
2018-04-20,4.33089,23.13623,29.77684,Borehamwood Meadow Park,BDMP
2018-04-21,2.48918,31.12431,34.941,Borehamwood Meadow Park,BDMP
2018-04-22,1.07002,11.68888,13.32954,Borehamwood Meadow Park,BDMP
2018-04-23,1.02366,10.76068,12.33027,Borehamwood Meadow Park,BDMP
2018-04-24,1.5101,13.09734,15.41279,Borehamwood Meadow Park,BDMP
2018-04-25,0.97985,8.63071,10.13313,Borehamwood Meadow Park,BDMP
2018-04-26,,,,Borehamwood Meadow Park,BDMP
2018-04-27,,,,Borehamwood Meadow Park,BDMP
2018-04-28,0.51272,9.0461,9.83225,Borehamwood Meadow Park,BDMP
2018-04-29,0.20599,3.59085,3.9067,Borehamwood Meadow Park,BDMP
2018-04-30,0.42059,9.6696,10.31449,Borehamwood Meadow Park,BDMP
2018-05-01,2.04181,16.04432,19.17505,Borehamwood Meadow Park,BDMP
2018-05-02,1.30196,15.90987,17.90618,Borehamwood Meadow Park,BDMP
2018-05-03,4.16146,18.59844,24.97926,Borehamwood Meadow Park,BDMP
2018-05-04,2.01055,21.17145,24.25426,Borehamwood Meadow Park,BDMP
2018-05-05,2.33312,21.18934,24.76674,Borehamwood Meadow Park,BDMP
2018-05-06,2.04269,24.27262,27.4047,Borehamwood Meadow Park,BDMP
2018-05-07,2.0828,27.59976,30.79334,Borehamwood Meadow Park,BDMP
2018-05-08,6.04928,28.88272,38.15816,Borehamwood Meadow Park,BDMP
2018-05-09,2.41348,15.27687,18.97749,Borehamwood Meadow Park,BDMP
2018-05-10,2.93316,15.00487,19.50233,Borehamwood Meadow Park,BDMP
2018-05-11,3.61032,27.5924,33.12815,Borehamwood Meadow Park,BDMP
2018-05-12,2.01019,24.07909,27.16134,Borehamwood Meadow Park,BDMP
2018-05-13,1.34948,15.03143,17.1006,Borehamwood Meadow Park,BDMP
2018-05-14,1.26228,10.5189,12.45436,Borehamwood Meadow Park,BDMP
2018-05-15,0.78636,9.66787,10.8736,Borehamwood Meadow Park,BDMP
2018-05-16,0.66307,6.63406,7.65075,Borehamwood Meadow Park,BDMP
2018-05-17,0.95154,7.17267,8.63167,Borehamwood Meadow Park,BDMP
2018-05-18,2.93117,15.96147,20.45587,Borehamwood Meadow Park,BDMP
2018-05-19,3.49442,19.91518,25.27321,Borehamwood Meadow Park,BDMP
2018-05-20,3.77167,21.05427,26.83741,Borehamwood Meadow Park,BDMP
2018-05-21,1.21725,15.01399,16.88042,Borehamwood Meadow Park,BDMP
2018-05-22,1.05919,8.34948,9.97354,Borehamwood Meadow Park,BDMP
2018-05-23,0.53505,7.61117,8.43157,Borehamwood Meadow Park,BDMP
2018-05-24,1.57536,17.51938,19.9349,Borehamwood Meadow Park,BDMP
2018-05-25,1.80661,23.17454,25.94464,Borehamwood Meadow Park,BDMP
2018-05-26,0.57746,8.84414,9.72957,Borehamwood Meadow Park,BDMP
2018-05-27,1.22486,17.88377,19.76186,Borehamwood Meadow Park,BDMP
2018-05-28,0.83932,10.21391,11.50085,Borehamwood Meadow Park,BDMP
2018-05-29,0.41839,8.91035,9.55188,Borehamwood Meadow Park,BDMP
2018-05-30,1.76565,18.57206,21.27935,Borehamwood Meadow Park,BDMP
2018-05-31,3.78797,22.33749,28.14563,Borehamwood Meadow Park,BDMP
2018-06-01,1.91752,21.2503,24.19045,Borehamwood Meadow Park,BDMP
2018-06-02,1.36194,12.29866,14.38695,Borehamwood Meadow Park,BDMP
2018-06-03,1.52193,15.12163,17.45523,Borehamwood Meadow Park,BDMP
2018-06-04,0.86559,9.4797,10.80692,Borehamwood Meadow Park,BDMP
2018-06-05,1.22304,8.2496,10.1249,Borehamwood Meadow Park,BDMP
2018-06-06,0.76315,7.82737,8.99752,Borehamwood Meadow Park,BDMP
2018-06-07,0.89053,8.39159,9.75705,Borehamwood Meadow Park,BDMP
2018-06-08,0.51733,7.51192,8.30515,Borehamwood Meadow Park,BDMP
2018-06-09,0.39408,7.34964,7.95388,Borehamwood Meadow Park,BDMP
2018-06-10,0.46181,7.53154,8.23964,Borehamwood Meadow Park,BDMP
2018-06-11,1.657,11.28496,13.82565,Borehamwood Meadow Park,BDMP
2018-06-12,0.78693,10.33363,11.54023,Borehamwood Meadow Park,BDMP
2018-06-13,3.26757,19.04519,24.05539,Borehamwood Meadow Park,BDMP
2018-06-14,1.28168,13.26491,15.23012,Borehamwood Meadow Park,BDMP
2018-06-15,2.00722,13.50395,16.58164,Borehamwood Meadow Park,BDMP
2018-06-16,1.12112,11.23687,12.9559,Borehamwood Meadow Park,BDMP
2018-06-17,0.80019,9.91886,11.1458,Borehamwood Meadow Park,BDMP
2018-06-18,1.07833,5.98711,7.64052,Borehamwood Meadow Park,BDMP
2018-06-19,2.12324,8.36166,11.61724,Borehamwood Meadow Park,BDMP
2018-06-20,3.2113,10.41749,15.34142,Borehamwood Meadow Park,BDMP
2018-06-21,1.16079,8.36,10.13985,Borehamwood Meadow Park,BDMP
2018-06-22,1.42045,12.86564,15.04363,Borehamwood Meadow Park,BDMP
2018-06-23,1.55407,13.51341,15.89629,Borehamwood Meadow Park,BDMP
2018-06-24,1.24956,13.37492,15.29089,Borehamwood Meadow Park,BDMP
2018-06-25,1.99101,16.4411,19.49393,Borehamwood Meadow Park,BDMP
2018-06-26,3.84036,18.32781,24.21629,Borehamwood Meadow Park,BDMP
2018-06-27,1.65717,9.33825,11.87921,Borehamwood Meadow Park,BDMP
2018-06-28,1.95476,8.51018,11.50744,Borehamwood Meadow Park,BDMP
2018-06-29,0.73326,7.06832,8.19264,Borehamwood Meadow Park,BDMP
2018-06-30,0.63664,6.7911,7.76727,Borehamwood Meadow Park,BDMP
2018-07-01,1.43934,10.28249,12.48945,Borehamwood Meadow Park,BDMP
2018-07-02,1.51585,9.8149,12.13917,Borehamwood Meadow Park,BDMP
2018-07-03,1.01159,8.84517,10.39626,Borehamwood Meadow Park,BDMP
2018-07-04,1.89387,20.9515,23.85539,Borehamwood Meadow Park,BDMP
2018-07-05,2.20274,20.30341,23.6809,Borehamwood Meadow Park,BDMP
2018-07-06,1.96951,14.87747,17.89734,Borehamwood Meadow Park,BDMP
2018-07-07,2.06812,13.27833,16.4494,Borehamwood Meadow Park,BDMP
2018-07-08,2.05595,14.05046,17.20286,Borehamwood Meadow Park,BDMP
2018-07-09,3.15905,15.90816,20.75197,Borehamwood Meadow Park,BDMP
2018-07-10,1.31927,5.32297,7.34582,Borehamwood Meadow Park,BDMP
2018-07-11,0.9472,6.36802,7.82038,Borehamwood Meadow Park,BDMP
2018-07-12,0.87958,8.55039,9.89906,Borehamwood Meadow Park,BDMP
2018-07-13,1.08457,14.70209,16.36507,Borehamwood Meadow Park,BDMP
2018-07-14,2.5203,21.15148,25.01588,Borehamwood Meadow Park,BDMP
2018-07-15,0.99688,12.64519,14.17372,Borehamwood Meadow Park,BDMP
2018-07-16,1.30635,13.26282,15.26586,Borehamwood Meadow Park,BDMP
2018-07-17,1.34416,8.89725,10.95826,Borehamwood Meadow Park,BDMP
2018-07-18,1.65464,19.35293,21.89002,Borehamwood Meadow Park,BDMP
2018-07-19,5.57159,30.65183,39.19482,Borehamwood Meadow Park,BDMP
2018-07-20,3.17468,33.73739,38.60515,Borehamwood Meadow Park,BDMP
2018-07-21,0.99978,13.62616,15.15913,Borehamwood Meadow Park,BDMP
2018-07-22,1.52928,16.46493,18.8098,Borehamwood Meadow Park,BDMP
2018-07-23,3.494,22.5383,27.89569,Borehamwood Meadow Park,BDMP
2018-07-24,1.53502,15.48131,17.83498,Borehamwood Meadow Park,BDMP
2018-07-25,1.79339,16.27037,19.0202,Borehamwood Meadow Park,BDMP
2018-07-26,2.98767,25.33637,29.9174,Borehamwood Meadow Park,BDMP
2018-07-27,1.7865,22.85452,25.59377,Borehamwood Meadow Park,BDMP
2018-07-28,0.92693,8.27566,9.69693,Borehamwood Meadow Park,BDMP
2018-07-29,0.9139,8.30786,9.70915,Borehamwood Meadow Park,BDMP
2018-07-30,2.20221,11.66728,15.04396,Borehamwood Meadow Park,BDMP
2018-07-31,1.40112,13.09296,15.24131,Borehamwood Meadow Park,BDMP
2018-08-01,3.20862,19.09322,24.01303,Borehamwood Meadow Park,BDMP
2018-08-02,2.29756,17.24092,20.76379,Borehamwood Meadow Park,BDMP
2018-08-03,4.52789,18.01449,24.95716,Borehamwood Meadow Park,BDMP
2018-08-04,1.94013,9.73351,12.70834,Borehamwood Meadow Park,BDMP
2018-08-05,3.51516,18.41726,23.80709,Borehamwood Meadow Park,BDMP
2018-08-06,3.2864,25.35133,30.39041,Borehamwood Meadow Park,BDMP
2018-08-07,2.92735,17.57002,22.05855,Borehamwood Meadow Park,BDMP
2018-08-08,1.36419,7.80378,9.89552,Borehamwood Meadow Park,BDMP
2018-08-09,3.96739,23.75457,29.83782,Borehamwood Meadow Park,BDMP
2018-08-10,2.56899,14.98603,18.92509,Borehamwood Meadow Park,BDMP
2018-08-11,2.91718,15.70735,20.18029,Borehamwood Meadow Park,BDMP
2018-08-12,1.15089,10.58398,12.34866,Borehamwood Meadow Park,BDMP
2018-08-13,2.21647,10.82804,14.22657,Borehamwood Meadow Park,BDMP
2018-08-14,1.53839,9.67852,12.03735,Borehamwood Meadow Park,BDMP
2018-08-15,1.21491,10.44954,12.31238,Borehamwood Meadow Park,BDMP
2018-08-16,2.61057,14.4763,18.47912,Borehamwood Meadow Park,BDMP
2018-08-17,3.88722,10.18819,16.14851,Borehamwood Meadow Park,BDMP
2018-08-18,0.926,7.10011,8.51996,Borehamwood Meadow Park,BDMP
2018-08-19,0.74179,6.06015,7.19754,Borehamwood Meadow Park,BDMP
2018-08-20,1.52012,10.98072,13.31154,Borehamwood Meadow Park,BDMP
2018-08-21,1.65099,14.35396,16.88544,Borehamwood Meadow Park,BDMP
2018-08-22,1.69445,12.65521,15.25334,Borehamwood Meadow Park,BDMP
2018-08-23,1.67124,9.54338,12.10592,Borehamwood Meadow Park,BDMP
2018-08-24,0.99514,7.29173,8.81759,Borehamwood Meadow Park,BDMP
2018-08-25,2.11375,11.59185,14.83288,Borehamwood Meadow Park,BDMP
2018-08-26,9.10441,18.46747,32.42737,Borehamwood Meadow Park,BDMP
2018-08-27,0.59807,5.2693,6.18633,Borehamwood Meadow Park,BDMP
2018-08-28,2.48167,22.58054,26.38572,Borehamwood Meadow Park,BDMP
2018-08-29,1.9967,18.89878,21.96034,Borehamwood Meadow Park,BDMP
2018-08-30,2.33302,14.36612,17.94337,Borehamwood Meadow Park,BDMP
2018-08-31,3.28569,24.0762,29.11418,Borehamwood Meadow Park,BDMP
2018-09-01,6.95511,30.36059,41.02494,Borehamwood Meadow Park,BDMP
2018-09-02,2.74145,28.4763,32.6798,Borehamwood Meadow Park,BDMP
2018-09-03,6.71262,23.63733,33.92988,Borehamwood Meadow Park,BDMP
2018-09-04,0.88797,12.45938,13.82091,Borehamwood Meadow Park,BDMP
2018-09-05,0.87612,8.65724,10.00061,Borehamwood Meadow Park,BDMP
2018-09-06,2.70342,16.04064,20.18582,Borehamwood Meadow Park,BDMP
2018-09-07,1.69544,15.6798,18.27944,Borehamwood Meadow Park,BDMP
2018-09-08,2.73552,18.66563,22.86004,Borehamwood Meadow Park,BDMP
2018-09-09,0.95118,8.74484,10.2033,Borehamwood Meadow Park,BDMP
2018-09-10,1.38974,9.55832,11.68923,Borehamwood Meadow Park,BDMP
2018-09-11,,,,Borehamwood Meadow Park,BDMP
2018-09-12,,,,Borehamwood Meadow Park,BDMP
2018-09-13,15.8247,24.25202,48.51621,Borehamwood Meadow Park,BDMP
2018-09-14,2.04622,19.3208,22.4583,Borehamwood Meadow Park,BDMP
2018-09-15,1.62333,17.14429,19.63336,Borehamwood Meadow Park,BDMP
2018-09-16,1.18038,15.35382,17.16371,Borehamwood Meadow Park,BDMP
2018-09-17,1.2138,18.47701,20.33813,Borehamwood Meadow Park,BDMP
2018-09-18,1.0076,12.34604,13.891,Borehamwood Meadow Park,BDMP
2018-09-19,1.29733,10.80604,12.79524,Borehamwood Meadow Park,BDMP
2018-09-20,1.28539,11.63396,13.60487,Borehamwood Meadow Park,BDMP
2018-09-21,0.98851,7.5933,9.10899,Borehamwood Meadow Park,BDMP
2018-09-22,1.68633,17.57263,20.1583,Borehamwood Meadow Park,BDMP
2018-09-23,1.24005,13.75885,15.66023,Borehamwood Meadow Park,BDMP
2018-09-24,13.03864,24.82527,44.81758,Borehamwood Meadow Park,BDMP
2018-09-25,36.06354,40.19515,95.49182,Borehamwood Meadow Park,BDMP
2018-09-26,10.16811,45.77955,61.37043,Borehamwood Meadow Park,BDMP
2018-09-27,18.72482,44.78995,73.50094,Borehamwood Meadow Park,BDMP
2018-09-28,0.52695,8.33887,9.14685,Borehamwood Meadow Park,BDMP
2018-09-29,18.99737,33.98092,63.10981,Borehamwood Meadow Park,BDMP
2018-09-30,8.95574,17.7749,31.50685,Borehamwood Meadow Park,BDMP
2018-10-01,1.71052,15.49401,18.11677,Borehamwood Meadow Park,BDMP
2018-10-02,0.76411,8.26867,9.44028,Borehamwood Meadow Park,BDMP
2018-10-03,14.30579,21.34047,43.27572,Borehamwood Meadow Park,BDMP
2018-10-04,5.74165,22.58685,31.39059,Borehamwood Meadow Park,BDMP
2018-10-05,19.71697,35.09226,65.32453,Borehamwood Meadow Park,BDMP
2018-10-06,8.38543,12.09916,24.95663,Borehamwood Meadow Park,BDMP
2018-10-07,1.12593,16.42922,18.15562,Borehamwood Meadow Park,BDMP
2018-10-08,7.10117,29.96266,40.85097,Borehamwood Meadow Park,BDMP
2018-10-09,9.47578,40.02661,54.55594,Borehamwood Meadow Park,BDMP
2018-10-10,5.9362,46.22508,55.32712,Borehamwood Meadow Park,BDMP
2018-10-11,1.80135,23.52586,26.28789,Borehamwood Meadow Park,BDMP
2018-10-12,1.07204,11.49257,13.13633,Borehamwood Meadow Park,BDMP
2018-10-13,1.03243,11.62614,13.20918,Borehamwood Meadow Park,BDMP
2018-10-14,0.33269,6.05662,6.56674,Borehamwood Meadow Park,BDMP
2018-10-15,0.47398,12.21818,12.94494,Borehamwood Meadow Park,BDMP
2018-10-16,4.18757,23.21954,29.6404,Borehamwood Meadow Park,BDMP
2018-10-17,4.0363,29.07586,35.26477,Borehamwood Meadow Park,BDMP
2018-10-18,2.37916,19.70372,23.35171,Borehamwood Meadow Park,BDMP
2018-10-19,35.83255,27.7451,82.68758,Borehamwood Meadow Park,BDMP
2018-10-20,43.15947,35.69459,101.87152,Borehamwood Meadow Park,BDMP
2018-10-21,10.54808,18.83145,35.00495,Borehamwood Meadow Park,BDMP
2018-10-22,16.61442,21.6443,47.11938,Borehamwood Meadow Park,BDMP
2018-10-23,1.61323,15.49424,17.96783,Borehamwood Meadow Park,BDMP
2018-10-24,4.46363,20.40659,27.25073,Borehamwood Meadow Park,BDMP
2018-10-25,9.60272,20.3694,35.09336,Borehamwood Meadow Park,BDMP
2018-10-26,1.1422,16.75656,18.5079,Borehamwood Meadow Park,BDMP
2018-10-27,0.87723,9.6038,10.94886,Borehamwood Meadow Park,BDMP
2018-10-28,0.29072,7.46924,7.91502,Borehamwood Meadow Park,BDMP
2018-10-29,1.51997,17.23335,19.56395,Borehamwood Meadow Park,BDMP
2018-10-30,2.29489,20.05063,23.56942,Borehamwood Meadow Park,BDMP
2018-10-31,25.44454,44.78234,83.79676,Borehamwood Meadow Park,BDMP
2018-11-01,11.28307,39.0748,56.37526,Borehamwood Meadow Park,BDMP
2018-11-02,40.39462,38.75554,100.6931,Borehamwood Meadow Park,BDMP
2018-11-03,6.24952,38.27465,47.85711,Borehamwood Meadow Park,BDMP
2018-11-04,2.6264,27.30511,31.33221,Borehamwood Meadow Park,BDMP
2018-11-05,35.31101,36.98767,91.13046,Borehamwood Meadow Park,BDMP
2018-11-06,23.90448,32.1966,68.84963,Borehamwood Meadow Park,BDMP
2018-11-07,2.49825,21.0495,24.8801,Borehamwood Meadow Park,BDMP
2018-11-08,3.25006,30.32844,35.3118,Borehamwood Meadow Park,BDMP
2018-11-09,7.17988,28.54836,39.55736,Borehamwood Meadow Park,BDMP
2018-11-10,3.23251,27.32168,32.27813,Borehamwood Meadow Park,BDMP
2018-11-11,1.39883,22.66174,24.80658,Borehamwood Meadow Park,BDMP
2018-11-12,4.65781,28.92714,36.06902,Borehamwood Meadow Park,BDMP
2018-11-13,3.35284,29.64038,34.78133,Borehamwood Meadow Park,BDMP
2018-11-14,8.5002,35.73696,48.77042,Borehamwood Meadow Park,BDMP
2018-11-15,16.03815,42.30331,66.8948,Borehamwood Meadow Park,BDMP
2018-11-16,9.63844,30.47125,45.24998,Borehamwood Meadow Park,BDMP
2018-11-17,4.43683,30.09716,36.9002,Borehamwood Meadow Park,BDMP
2018-11-18,1.76976,18.28098,20.99457,Borehamwood Meadow Park,BDMP
2018-11-19,0.72626,10.95851,12.07209,Borehamwood Meadow Park,BDMP
2018-11-20,0.77121,15.85615,17.03865,Borehamwood Meadow Park,BDMP
2018-11-21,21.31419,40.45513,73.13643,Borehamwood Meadow Park,BDMP
2018-11-22,62.3233,38.39088,133.95194,Borehamwood Meadow Park,BDMP
2018-11-23,13.2742,39.86564,60.21913,Borehamwood Meadow Park,BDMP
2018-11-24,2.75006,30.70622,34.92291,Borehamwood Meadow Park,BDMP
2018-11-25,0.82406,16.18578,17.44933,Borehamwood Meadow Park,BDMP
2018-11-26,2.44234,23.78747,27.53235,Borehamwood Meadow Park,BDMP
2018-11-27,11.01816,38.49819,55.39246,Borehamwood Meadow Park,BDMP
2018-11-28,1.19817,23.65946,25.49662,Borehamwood Meadow Park,BDMP
2018-11-29,0.99343,16.73514,18.25838,Borehamwood Meadow Park,BDMP
2018-11-30,3.18997,31.39598,36.2872,Borehamwood Meadow Park,BDMP
2018-12-01,1.51022,27.43978,29.75541,Borehamwood Meadow Park,BDMP
2018-12-02,0.64823,8.99025,9.9842,Borehamwood Meadow Park,BDMP
2018-12-03,1.29508,17.94432,19.93008,Borehamwood Meadow Park,BDMP
2018-12-04,50.41997,48.24767,125.55721,Borehamwood Meadow Park,BDMP
2018-12-05,6.53803,34.53798,44.56282,Borehamwood Meadow Park,BDMP
2018-12-06,1.20745,15.51099,17.36239,Borehamwood Meadow Park,BDMP
2018-12-07,0.78705,12.44361,13.65041,Borehamwood Meadow Park,BDMP
2018-12-08,0.58969,6.98152,7.8857,Borehamwood Meadow Park,BDMP
2018-12-09,0.2888,7.76794,8.21076,Borehamwood Meadow Park,BDMP
2018-12-10,4.46451,30.33469,37.18017,Borehamwood Meadow Park,BDMP
2018-12-11,91.29395,55.18605,195.16815,Borehamwood Meadow Park,BDMP
2018-12-12,10.62199,48.20265,64.48947,Borehamwood Meadow Park,BDMP
2018-12-13,11.79603,41.34478,59.43178,Borehamwood Meadow Park,BDMP
2018-12-14,63.14796,47.99812,144.82364,Borehamwood Meadow Park,BDMP
2018-12-15,2.96168,28.4443,32.98549,Borehamwood Meadow Park,BDMP
2018-12-16,4.72998,34.20179,41.45433,Borehamwood Meadow Park,BDMP
2018-12-17,9.52547,37.37655,51.98207,Borehamwood Meadow Park,BDMP
2018-12-18,1.80689,20.52631,23.29684,Borehamwood Meadow Park,BDMP
2018-12-19,3.22602,33.01502,37.96151,Borehamwood Meadow Park,BDMP
2018-12-20,2.14477,25.74915,29.03776,Borehamwood Meadow Park,BDMP
2018-12-21,0.67003,11.35731,12.38468,Borehamwood Meadow Park,BDMP
2018-12-22,0.87413,14.41926,15.75958,Borehamwood Meadow Park,BDMP
2018-12-23,0.99972,19.06945,20.60233,Borehamwood Meadow Park,BDMP
2018-12-24,41.61251,32.4202,96.22516,Borehamwood Meadow Park,BDMP
2018-12-25,24.85866,50.19754,88.31362,Borehamwood Meadow Park,BDMP
2018-12-26,5.9611,38.85247,47.9927,Borehamwood Meadow Park,BDMP
2018-12-27,73.50291,31.44885,144.15175,Borehamwood Meadow Park,BDMP
2018-12-28,32.39124,30.84101,80.50689,Borehamwood Meadow Park,BDMP
2018-12-29,3.01088,19.15533,23.77195,Borehamwood Meadow Park,BDMP
2018-12-30,2.68686,16.69486,20.81466,Borehamwood Meadow Park,BDMP
2018-12-31,0.31389,8.33177,8.81307,Borehamwood Meadow Park,BDMP
